{
    "Volume_BGM": 0.239384725689888,
    "Volume_SE": 0.4394474923610687,
    "Prgs_Easy": 64,
    "Prgs_Normal": 6,
    "Prgs_Hard": 14
}
